{
  "sheetsById": {
    "sheet": {
      "staticOverrides": {
        "byObject": {
          "cam": {
            "position": {
              "x": -1.1038260668420303,
              "y": 2.8760740015355015,
              "z": 5.199301266462852
            },
            "rotation": {
              "x": -1.4577859958305308,
              "y": -1.1572993978423531,
              "z": -1.4474858057560218
            }
          },
          "background": {
            "position": {
              "x": 0,
              "y": 0,
              "z": -0.6629010931026689
            }
          },
          "spaceShip": {
            "position": {
              "x": 4.269999999999996,
              "y": -2.0499999999999994,
              "z": -0.6300000000000001
            },
            "rotation": {
              "y": -0.7200000000000002
            },
            "scale": {
              "x": 1,
              "y": 1,
              "z": 1
            }
          },
          "Title": {
            "position": {
              "x": -0.3468120816384488,
              "y": 0.8141700960413782,
              "z": -7.930165193606771
            },
            "scale": {
              "x": 2.0999999999999996,
              "y": 2.65,
              "z": 4.079999999999999
            },
            "rotation": {
              "y": 0
            }
          },
          "TITLE": {
            "position": {
              "x": -1.8099999999999996,
              "y": -0.10000000000000012,
              "z": -3.476404782439912
            },
            "rotation": {
              "y": 0.6400000000000001,
              "z": 0.060000000000000005,
              "x": 0.08
            }
          },
          "T-GAME": {
            "position": {
              "y": 0.6799999999999997
            }
          },
          "T-On": {
            "position": {
              "y": 0.3400000000000001
            }
          },
          "T-CHAIN": {
            "position": {
              "y": -0.07
            }
          },
          "ZKORP": {
            "position": {
              "x": 0,
              "y": 0,
              "z": -3.681134403421474
            }
          },
          "stars": {
            "scale": {
              "x": 9,
              "y": 9,
              "z": 9
            }
          }
        }
      },
      "sequence": {
        "subUnitsPerUnit": 30,
        "length": 10,
        "type": "PositionalSequence",
        "tracksByObject": {
          "cam": {
            "trackData": {
              "IH3_u6eiwr": {
                "type": "BasicKeyframedTrack",
                "__debugName": "cam:[\"position\",\"x\"]",
                "keyframes": [
                  {
                    "id": "fOhM2BTR-z",
                    "position": 0,
                    "connectedRight": true,
                    "handles": [
                      0.5,
                      1,
                      0.5,
                      0
                    ],
                    "type": "bezier",
                    "value": 0
                  }
                ]
              },
              "DBz-HmKtDA": {
                "type": "BasicKeyframedTrack",
                "__debugName": "cam:[\"position\",\"y\"]",
                "keyframes": [
                  {
                    "id": "nUM-UC8jqh",
                    "position": 0,
                    "connectedRight": true,
                    "handles": [
                      0.5,
                      1,
                      0.5,
                      0
                    ],
                    "type": "bezier",
                    "value": 0
                  }
                ]
              },
              "2FhGiyDz7L": {
                "type": "BasicKeyframedTrack",
                "__debugName": "cam:[\"position\",\"z\"]",
                "keyframes": [
                  {
                    "id": "0SEqqMgRP8",
                    "position": 0,
                    "connectedRight": true,
                    "handles": [
                      0.5,
                      1,
                      0.5,
                      0
                    ],
                    "type": "bezier",
                    "value": 0
                  }
                ]
              },
              "fOjW6frbmg": {
                "type": "BasicKeyframedTrack",
                "__debugName": "cam:[\"rotation\",\"x\"]",
                "keyframes": [
                  {
                    "id": "IPd9WFd7Mn",
                    "position": 0,
                    "connectedRight": true,
                    "handles": [
                      0.5,
                      1,
                      0.5,
                      0
                    ],
                    "type": "bezier",
                    "value": 0
                  }
                ]
              },
              "abXmX0EUV3": {
                "type": "BasicKeyframedTrack",
                "__debugName": "cam:[\"rotation\",\"y\"]",
                "keyframes": [
                  {
                    "id": "sqP6wht3yN",
                    "position": 0,
                    "connectedRight": true,
                    "handles": [
                      0.5,
                      1,
                      0.5,
                      0
                    ],
                    "type": "bezier",
                    "value": 0
                  }
                ]
              },
              "KR4uSbKry5": {
                "type": "BasicKeyframedTrack",
                "__debugName": "cam:[\"rotation\",\"z\"]",
                "keyframes": [
                  {
                    "id": "wlEuRdX4YJ",
                    "position": 0,
                    "connectedRight": true,
                    "handles": [
                      0.5,
                      1,
                      0.5,
                      0
                    ],
                    "type": "bezier",
                    "value": 0
                  }
                ]
              }
            },
            "trackIdByPropPath": {
              "[\"position\",\"x\"]": "IH3_u6eiwr",
              "[\"position\",\"y\"]": "DBz-HmKtDA",
              "[\"position\",\"z\"]": "2FhGiyDz7L",
              "[\"rotation\",\"x\"]": "fOjW6frbmg",
              "[\"rotation\",\"y\"]": "abXmX0EUV3",
              "[\"rotation\",\"z\"]": "KR4uSbKry5"
            }
          },
          "spaceShip": {
            "trackData": {
              "cAospxlUGr": {
                "type": "BasicKeyframedTrack",
                "__debugName": "spaceShip:[\"position\",\"x\"]",
                "keyframes": [
                  {
                    "id": "BEzZsihCg8",
                    "position": 2,
                    "connectedRight": true,
                    "handles": [
                      0.5,
                      1,
                      0.5,
                      0
                    ],
                    "type": "bezier",
                    "value": -0.2973042764655779
                  }
                ]
              },
              "Ga9Mnt2h5Z": {
                "type": "BasicKeyframedTrack",
                "__debugName": "spaceShip:[\"position\",\"y\"]",
                "keyframes": [
                  {
                    "id": "pQOhvNUZ4r",
                    "position": 0.267,
                    "connectedRight": true,
                    "handles": [
                      0.5,
                      1,
                      0.5,
                      0
                    ],
                    "type": "bezier",
                    "value": 2.759999999999999
                  },
                  {
                    "id": "20EkRHMaOc",
                    "position": 2,
                    "connectedRight": true,
                    "handles": [
                      0.5,
                      1,
                      0.5,
                      0
                    ],